"Автор","Год_первой_публикации","Год_последней_публикации","Длительность.сотрудничества..лет.","Количество_номеров","Всего_стихотворений","Суммарное_количество_страниц","Полное.ФИО..id.","Пол","Год.рождения","Год.смерти","Возраст.первой.публикации.в.Юности","Ссылка.на.Википедию","адрес.страницы.в.википедии","Если.нет.на.wiki..то.иная.ссылка.на.биографию","ссылка.на.фото","ссылка.на.песню.на.стихи","Название","Исполнитель","X","Текст"
"Шкляревский Игорь",1965,1974,10,10,69,72,"Шкляревский Игорь Иванович",NA,1938,2021,28,"Шкляревский Игорь Иванович","https://ru.wikipedia.org/wiki/Шкляревский,_Игорь_Иванович","","https://upload.wikimedia.org/wikipedia/ru/thumb/5/5f/%D0%A8%D0%BA%D0%BB%D1%8F%D1%80%D0%B5%D0%B2%D1%81%D0%BA%D0%B8%D0%B9_%D0%98%D0%B3%D0%BE%D1%80%D1%8C_%D0%98%D0%B2%D0%B0%D0%BD%D0%BE%D0%B2%D0%B8%D1%87.jpg/250px-%D0%A8%D0%BA%D0%BB%D1%8F%D1%80%D0%B5%D0%B2%D1%81%D0%BA%D0%B8%D0%B9_%D0%98%D0%B3%D0%BE%D1%80%D1%8C_%D0%98%D0%B2%D0%B0%D0%BD%D0%BE%D0%B2%D0%B8%D1%87.jpg","https://fine.sunproxy.net/file/ZTN2Z2M0OWlqSGxCdWplQW5IenBmNjJCTFpQZlZGRis4RURFbWFWdksxVnE5VVVCUzhLWndhLzdRQzhPb1FpaVRtZnhOVmV6Z2doa3hiT3VrcEpXcjJWNEY0Z2Q4QTRyU213MGZPVnVWTjA9/Nani_Bregvadze_-_Osen_prislala_mne_pisma_YA._Frenkel_-_I._SHklyarevskij_(SkySound.cc).mp3","Осень прислала мне письма","Нани Брегвадзе","","Осень стоит за рекою.
Ящик почтовый открою,-
выпадут желтые листья.
Осень прислала мне письма.
Осень уже у порога.
Сердце кольнула тревога.
Все мы в делах закружились.
Письма писать разучились.
Чей-то отец одинокий
в домике возле дороги
ящик пустой открывает.
Желтый листок выпадает...
В сумерках долгой разлуки
матери слабые руки
ящик открыли почтовый...
Что ей звонки и обновы?
В пору такую,бывало,
в школу тебя провожала
чтобы писать научился
и на слова не скупился.
Как ты еще пожалеешь...
Ты еще сам постареешь.
С тихим шуршаньем и звоном
осень придет почтальоном."
"Шаламов Варлам",1965,1974,10,10,64,65,"Шаламов Варлам Тихонович",NA,1907,1982,59,"Шаламов Варлам Тихонович","https://ru.wikipedia.org/wiki/Шаламов,_Варлам_Тихонович","","https://upload.wikimedia.org/wikipedia/commons/thumb/4/41/Varlam_Shalamov-NKVD_crooped.jpg/250px-Varlam_Shalamov-NKVD_crooped.jpg","https://data.zvyki.com/file/86780009/WDdzS3YyeHNkK0lqdHNLYm92eGlnMGhEL2FZMDdLeWRndWJDM045enlTMUlHaUpyekJSTVIxSXpabmI2VnpTYnVTSnF4SS9uUjhtMXRXQTYrZ09qRnNoQy9FNTdBbnVaQ0FKVmQyNFFHa3VpbTZyUmw3K3NVQkxaSmVCazU1b1M/Varlam_SHalamov_-_Vsyu_noch_on_truditsya_uporno_._CHitaet_avtor._(Zvyki.com).mp3","Всю ночь он трудится упорно","Варлам Шаламов","","Всю ночь он трудится упорно
И на бумажные листки
Как бы провеивает зерна
Доспевшей, вызревшей тоски.

Сор легкомысленного слова,
Клочки житейской шелухи
Взлетают кверху, как полова,
Когда слагаются стихи.

Его посев подобен жатве.
Он, собирая, отдает
Признанья, жалобы и клятвы
И неизбежно слезы льет.

Тем больше слез, тем больше плача,
Глухих рыданий невзначай,
Чем тяжелее и богаче
Его посев и урожай."
"Злотников Натан",1963,1974,12,8,69,71,"Злотников Натан Маркович",NA,1934,2006,30,"Злотников Натан Маркович","https://ru.wikipedia.org/wiki/Злотников,_Натан_Маркович","","https://upload.wikimedia.org/wikipedia/commons/thumb/a/a9/Flag_of_the_Soviet_Union.svg/40px-Flag_of_the_Soviet_Union.svg.png","","","","",""
"Кулиев Кайсын",1962,1974,13,14,85,89,"Кулиев Кайсын Шуваевич",NA,1917,1985,46,"Кулиев Кайсын Шуваевич","https://ru.wikipedia.org/wiki/Кулиев,_Кайсын_Шуваевич","","https://upload.wikimedia.org/wikipedia/commons/thumb/2/2d/Kaisyn_Kuliev_0041.jpg/330px-Kaisyn_Kuliev_0041.jpg","https://fine.sunproxy.net/file/YVpzcVh4cVdyR2NZa1YwZWpHRUtGVCtlcEI0d3V3RWJmcVBvempaRitKKzVkZ3E3SHhCVWRJL1BQRlovKys1RGJaR05aUzYxWDVMNlBidVZzS3YwUGEzNkJJSk1Oc3l4ZHBzSSsrZ2RZcWs9/Kajsyn_Kuliev_-_Kak_horosho_prosnutsya_na_rassvete_(SkySound.cc).mp3","Как хорошо проснуться на рассвете","?","https://upload.wikimedia.org/wikipedia/commons/thumb/2/2d/Kaisyn_Kuliev_0041.jpg/330px-Kaisyn_Kuliev_0041.jpg","Как хорошо проснуться на рассвете,
Глядеть на мир, за птицами следить
И знать, что выше счастья жить на свете
На свете ничего не может быть.

Какое счастье утром пробудиться,
Увидеть гребни гор издалека.
Увидеть, как над зрелою пшеницей
Неспешно проплывают облака.

Какое это счастье, что ты можешь
Смотреть на дорогих тебе людей,

На землю, чьи черты святые схожи
С чертами старой матери твоей.

Прекрасно всё, что просто, всё, что сложно,
И как не восхищаться нам с тобой
Любой земною тварью, пусть ничтожной,
Её неповторимой красотой!

Прекрасно всё: и сокол, и кузнечик,
Зелёный и желтеющий листок,
И дождь, и снегопад, и чёт и нечет,
Всё, что приходит в срок или не в срок.

Как хорошо проснуться на рассвете,
Глядеть на этот мир, за птицами следить
И знать, что выше счастья жить на свете
На свете ничего не может быть!"
"Слуцкий Борис",1961,1974,14,17,104,110,"Слуцкий Борис Абрамович",NA,1919,1986,43,"Слуцкий Борис Абрамович","https://ru.wikipedia.org/wiki/Слуцкий,_Борис_Абрамович","","https://upload.wikimedia.org/wikipedia/ru/thumb/9/91/%D0%91%D0%BE%D1%80%D0%B8%D1%81_%D0%A1%D0%BB%D1%83%D1%86%D0%BA%D0%B8%D0%B9.jpg/250px-%D0%91%D0%BE%D1%80%D0%B8%D1%81_%D0%A1%D0%BB%D1%83%D1%86%D0%BA%D0%B8%D0%B9.jpg","https://fine.sunproxy.net/file/YVpzcVh4cVdyR2NZa1YwZWpHRUtGVCtlcEI0d3V3RWJmcVBvempaRitKKzVkZ3E3SHhCVWRJL1BQRlovKys1RFMxQmN1Sy9scjVxWitTNjFkcWpnRE1rMjRhcnA3YmRESGI0TXNUUFgxZFU9/Vladimir_Syskov_-_Boris_Sluckij._CHto_vy_zvezdy_(SkySound.cc).mp3","Что вы звезды","Владимир Сысков","https://upload.wikimedia.org/wikipedia/ru/thumb/9/91/%D0%91%D0%BE%D1%80%D0%B8%D1%81_%D0%A1%D0%BB%D1%83%D1%86%D0%BA%D0%B8%D0%B9.jpg/250px-%D0%91%D0%BE%D1%80%D0%B8%D1%81_%D0%A1%D0%BB%D1%83%D1%86%D0%BA%D0%B8%D0%B9.jpg","- Что вы, звезды?
- Мы просто светим.
- Для чего?
- Нам просто светло. -
Удрученный ответом этим,
самочувствую тяжело.

Я свое свечение слабое
обуславливал
то ли славою,
то ли тем, что приказано мне,
то ли тем, что нужно стране.

Оказалось, что можно просто
делать так, как делают звезды:
излучать без претензий свет.
Цели нет и смысла нет.

Нету смысла и нету цели,
да и светишь ты еле-еле,
озаряя полметра пути.
Так что не трепись, а свети."
"Мориц Юнна",1960,1974,15,15,72,79,"Мориц Юнна Петровна",NA,1937,NA,24,"Мориц Юнна Петровна","https://ru.wikipedia.org/wiki/Мориц,_Юнна_Петровна","","https://upload.wikimedia.org/wikipedia/commons/thumb/5/55/Yunna_Morits2.jpg/312px-Yunna_Morits2.jpg","https://fine.sunproxy.net/file/YVpzcVh4cVdyR2NZa1YwZWpHRUtGVCtlcEI0d3V3RWJmcVBvempaRitKKzVkZ3E3SHhCVWRJL1BQRlovKys1RHpJbG1meTJjUHVXQ2JlUDZhTjJTd25oRTJwSWtLRnlQSWFMS3IrVXozSms9/Sobaka_byvaet_kusachej_-_Iz_m_f_Bolshoj_sekret_dlya_malenkoj_kompanii_(SkySound.cc).mp3","Собака бывает кусачей","Сергей и Татьяна Никитины","https://upload.wikimedia.org/wikipedia/commons/thumb/5/55/Yunna_Morits2.jpg/312px-Yunna_Morits2.jpg","Собака бывает кусачей
Только от жизни собачьей,
Только от жизни собачьей
Собака бывает кусачей!

Собака хватает
Зубами за пятку,
Собака съедает
Гражданку Лошадку
И с ней гражданина Кота,
Когда проживает
Собака не в будке,
Когда у неё завывает
В желудке,
И каждому ясно,
Что эта собака -
Кру-у-у-глая сирота.

Никто не хватает
Зубами за пятку,
Никто не съедает
Гражданку Лошадку
И с ней гражданина Кота,
Когда у собаки
Есть будка и миска,
Ошейник, луна
И в желудке сосиска.
И каждому ясно,
Что эта собака -
Не круглая сирота!

Собака несчастная -
Очень опасна,
Ведь ей не везёт
В этой жизни
Ужасно,
Ужасно, как ей не везёт!
Поэтому лает она,
Как собака.
Поэтому злая она,
Как собака.
И каждому ясно,
Что эта собака
Всех без разбору
Грызёт!

Прекрасна собака,
Сидящая в будке!
У ней расцветают в душе
Незабудки,
В желудке играет кларнет!
Но шутки
С бродячей собакой бездомной
Опасны, особенно
Полночью тёмной, -
Вот самый собачий,
Вот самый огромный,
Огромный Собачий Секрет!

Собака бывает кусачей
Только от жизни собачьей,
Только от жизни собачьей
Собака бывает кусачей!"
"Куняев Станислав",1960,1974,15,11,53,57,"Куняев Станислав Юрьевич",NA,1932,NA,29,"Куняев Станислав Юрьевич","https://ru.wikipedia.org/wiki/Куняев,_Станислав_Юрьевич","","https://upload.wikimedia.org/wikipedia/commons/thumb/e/ef/Stanislav_Kunyaev_3.jpg/250px-Stanislav_Kunyaev_3.jpg","https://fine.sunproxy.net/file/ZTN2Z2M0OWlqSGxCdWplQW5IenBmNjJCTFpQZlZGRis4RURFbWFWdksxVnE5VVVCUzhLWndhLzdRQzhPb1FpaVY0WkxsRUJvaGh6NG12WTE1WGlieDJrODVQQzVaL0hCbkZxV1gyMTdhbFU9/Stanislav_Kunyaev_-_Stihi_ispolnyaet_avtor_(SkySound.cc).mp3","Добро должно быть с кулаками","Станислав Куняев","","Добро должно быть с кулаками.
Добро суровым быть должно,
чтобы летела шерсть клоками
со всех, кто лезет на добро.


Добро не жалость и не слабость.
Добром дробят замки оков.
Добро не слякоть и не святость,
не отпущение грехов.


Быть добрым не всегда удобно,
принять не просто вывод тот,
что дробно-дробно, добро-добро
умел работать пулемёт,


что смысл истории в конечном
в добротном действии одном —
спокойно вышибать коленом
добру не сдавшихся добром!"
"Долматовский Евгений",1960,1971,12,8,54,65,"Долматовский Евгений Аронович",NA,1915,1994,46,"Долматовский Евгений Аронович","https://ru.wikipedia.org/wiki/Долматовский,_Евгений_Аронович","","https://upload.wikimedia.org/wikipedia/commons/thumb/0/0d/2-Evgenii-Aronovich-Dolmatovskii.jpg/330px-2-Evgenii-Aronovich-Dolmatovskii.jpg","https://fine.sunproxy.net/file/YVpzcVh4cVdyR2NZa1YwZWpHRUtGVCtlcEI0d3V3RWJmcVBvempaRitKKzVkZ3E3SHhCVWRJL1BQRlovKys1RFZRRDgzcllXL0xHTHFmTTFyUysvWC9DTGp0RStKOXZnWGkrUC9EMEt6QzQ9/Oleg_Pogudin_-_Noch_korotka_spyat_oblaka_muz._M.Fradkina_sl._E.Dolmatovskogo_(SkySound.cc).mp3","Случайный вальс","Олег Погудин","https://upload.wikimedia.org/wikipedia/commons/thumb/0/0d/2-Evgenii-Aronovich-Dolmatovskii.jpg/330px-2-Evgenii-Aronovich-Dolmatovskii.jpg",""
"Шефнер Вадим",1959,1974,16,11,51,53,"Шефнер Вадим Сергеевич",NA,1914,2002,46,"Шефнер Вадим Сергеевич","https://ru.wikipedia.org/wiki/Шефнер,_Вадим_Сергеевич","","https://upload.wikimedia.org/wikipedia/ru/thumb/8/8c/%D0%A8%D0%B5%D1%84%D0%BD%D0%B5%D1%80_%D0%92%D0%B0%D0%B4%D0%B8%D0%BC_%D1%81%D0%BE%D0%B2.%D0%BF%D0%BE%D1%8D%D1%82_%D0%B4%D0%BE_1967.jpg/330px-%D0%A8%D0%B5%D1%84%D0%BD%D0%B5%D1%80_%D0%92%D0%B0%D0%B4%D0%B8%D0%BC_%D1%81%D0%BE%D0%B2.%D0%BF%D0%BE%D1%8D%D1%82_%D0%B4%D0%BE_1967.jpg","https://fine.sunproxy.net/file/YVpzcVh4cVdyR2NZa1YwZWpHRUtGVCtlcEI0d3V3RWJmcVBvempaRitKKzVkZ3E3SHhCVWRJL1BQRlovKys1RDkyZWpEMHRVOTlWdHJYcGhmYUc5ZGM0eHV4d1g2alpQVUlLQ1FuSlQ5UDg9/Aleksandr_Tarhanov_TAO_-_Lilit_slova_Vadim_SHefner_muzyka_TAO_(SkySound.cc).mp3","Лилит","Александр Тарханов","https://upload.wikimedia.org/wikipedia/ru/thumb/8/8c/%D0%A8%D0%B5%D1%84%D0%BD%D0%B5%D1%80_%D0%92%D0%B0%D0%B4%D0%B8%D0%BC_%D1%81%D0%BE%D0%B2.%D0%BF%D0%BE%D1%8D%D1%82_%D0%B4%D0%BE_1967.jpg/330px-%D0%A8%D0%B5%D1%84%D0%BD%D0%B5%D1%80_%D0%92%D0%B0%D0%B4%D0%B8%D0%BC_%D1%81%D0%BE%D0%B2.%D0%BF%D0%BE%D1%8D%D1%82_%D0%B4%D0%BE_1967.jpg","1.

Что предание говорит?
Прежде Евы была Лилит.

Прежде Евы Лилит была
Та, что яблока не рвала, -

Не женой была, не женой, -
Стороной прошла, стороной.

Не из глины, не из ребра -
Из рассветного серебра.

Улыбнулась из тростника -
И пропала на все века.

2.

Всё в раю как будто бы есть,
Да чего-то как будто нет.
Всё здесь можно и пить и есть -
На одно лишь в раю запрет.

Ходит Ева средь райских роз,
Светит яблоко из ветвей.
Прямо с яблони змей-завхоз
Искушающе шепчет ей:

- Слушай, я же не укушу,
Скушай яблочко задарма,
Я в усушку его спишу -
Мы ведь тоже не без ума.

Ева яблоко сорвала -
Затуманился райский дол.
Бог ракеты ""небо - земля""
На искомый квадрат навел.

Бог на красные кнопки жмёт -
Пламя райские рощи жнёт.
Бог на пульте включил реле -
Больше рая нет на земле.

Убегает с Евой Адам -
Дым и пепел по их следам.

3.

У Адама с Евой - семья,
Подрастающие сыновья.

Скот мычит, колосится рожь,
Дремлет Авель, сев на пенёк,

Каин в ёлку втыкает нож -
Тренируется паренёк.

Объезжает Адам коней,
Конструирует первый плот.

- А в раю-то было скучней -
Ты помог нам, запретный плод!

А в раю-то было пресней, -
Заработанный хлеб - вкусней.

А в раю-то мы спали врозь, -
Это рай - оторви да брось!

4.

Улетающие журавли
Прокурлыкали над рекой,
Электричка прошла вдали -
И опять на земле покой.

На рыбалке Адам сидит,
Сквозь огонь в темноту глядит.

Кто там плачет в костре ночном,
Косы рыжие разметав?
Кто грустит в тростнике речном,
Шелестит в осенних кустах?

Кто из облака смотрит вниз,
Затмевая красой луну?
Кто из омута смотрит ввысь
И заманивает в глубину?

Никого там, по правде, нет, -
Только тени и лунный свет.

Не женой была, не женой, -
Стороной прошла, стороной.

***
Никогда не придёт Лилит,
А забыть себя не велит.
"
"Дмитриев Олег",1958,1974,17,24,79,97,"Дмитриев Олег Михайлович",NA,1937,1993,22,"Дмитриев Олег Михайлович","https://ru.wikipedia.org/wiki/Дмитриев,_Олег_Михайлович","","https://upload.wikimedia.org/wikipedia/ru/thumb/5/57/%D0%9E%D0%BB%D0%B5%D0%B3_%D0%94%D0%BC%D0%B8%D1%82%D1%80%D0%B8%D0%B5%D0%B2.jpg/330px-%D0%9E%D0%BB%D0%B5%D0%B3_%D0%94%D0%BC%D0%B8%D1%82%D1%80%D0%B8%D0%B5%D0%B2.jpg","https://fine.sunproxy.net/file/YVpzcVh4cVdyR2NZa1YwZWpHRUtGVCtlcEI0d3V3RWJmcVBvempaRitKKzVkZ3E3SHhCVWRJL1BQRlovKys1RHkzOU0zMnhrckl6YkZZL2NVUGhsbXBmaHU1cFBpTEhESnhPVXlPOXU3SWc9/Anatolij_Lemysh_-_Vratar_sl._Oleg_Dmitriev_(SkySound.cc).mp3","Вратарь","Анатолий Лемыш","https://upload.wikimedia.org/wikipedia/ru/thumb/5/57/%D0%9E%D0%BB%D0%B5%D0%B3_%D0%94%D0%BC%D0%B8%D1%82%D1%80%D0%B8%D0%B5%D0%B2.jpg/330px-%D0%9E%D0%BB%D0%B5%D0%B3_%D0%94%D0%BC%D0%B8%D1%82%D1%80%D0%B8%D0%B5%D0%B2.jpg","Без судьи, без церемониала
Начиналась вечером игра.
Сборная соседнего квартала
Вышла против нашего двора.
Мы не сомневаемся нисколько –
Им у нас не выиграть вовек!
Но встаёт у них в ворота Колька.
Коля Сажин – это человек!
Он пришёл недавно, в сорок пятом.
Он кумир окрестных всех дворов:
До войны, как говорят ребята,
Он играл в команде мастеров.
Мы, мальчишки, встали за ворота,
Затаив дыхание глядим
И болеем, позабыв все счёты,
За него, за Колю, как один!
Закипела битва, разгораясь,
Над площадкой заклубилась пыль…
На костыль стоял он опираясь!
Как прорыв – отбрасывал костыль…
Наши прорываются, и с края
Мяч идёт кручёный, навесной –
Коля сразу сжался, приседая
На своей, на правой, на одной!
Он качался, будто у дороги
Рыжий одуванчик на стебле,
А потом вдруг ловко падал в ноги,
Грудью прижимая мяч к земле.
Брюки он отряхивал от пыли,
К костылю тянулся своему…
Наши нападающие били
Только лишь под правую ему.
Он стоял как надо, Коля Сажин!
Он штрафной отбил на угловой,
Он такие брал мячи, что даже
Сам качал, не веря, головой…
Он своим рукой махал небрежно
И заплаты старого мяча,
Перед тем как выбить, трогал нежно.
А когда, сраженье прерывая,
На поляну летний сумрак лёг,
Он один поковылял к трамваю,
На глаза надвинув козырёк.
Мы ребят своих не укоряли,
Ничего не ставили в вину…
И не жаль, что наши проиграли,
Если Коля выиграл
Войну."
"Мартынов Леонид",1956,1974,19,25,146,153,"Мартынов Леонид Николаевич",NA,1905,1980,52,"Мартынов Леонид Николаевич","https://ru.wikipedia.org/wiki/Мартынов,_Леонид_Николаевич","","https://upload.wikimedia.org/wikipedia/commons/thumb/9/9d/%D0%9B._%D0%9C%D0%B0%D1%80%D1%82%D1%8B%D0%BD%D0%BE%D0%B2_%D0%BD%D0%B0_%D1%80%D0%B5%D0%BA%D0%B5_%D0%AF%D1%81%D0%BD%D1%83%D1%88%D0%BA%D0%B5_%D0%B2_%D0%90%D0%B1%D1%80%D0%B0%D0%BC%D1%86%D0%B5%D0%B2%D0%BE._%D0%A4%D0%BE%D1%82%D0%BE_%D0%92.%D0%A3%D1%82%D0%BA%D0%BE%D0%B2%D0%B0.jpg/330px-%D0%9B._%D0%9C%D0%B0%D1%80%D1%82%D1%8B%D0%BD%D0%BE%D0%B2_%D0%BD%D0%B0_%D1%80%D0%B5%D0%BA%D0%B5_%D0%AF%D1%81%D0%BD%D1%83%D1%88%D0%BA%D0%B5_%D0%B2_%D0%90%D0%B1%D1%80%D0%B0%D0%BC%D1%86%D0%B5%D0%B2%D0%BE._%D0%A4%D0%BE%D1%82%D0%BE_%D0%92.%D0%A3%D1%82%D0%BA%D0%BE%D0%B2%D0%B0.jpg","https://fine.sunproxy.net/file/YVpzcVh4cVdyR2NZa1YwZWpHRUtGVCtlcEI0d3V3RWJmcVBvempaRitKKzVkZ3E3SHhCVWRJL1BQRlovKys1RGVjSGFGdnVJa1N1TElDRUduZTVEYW94aHJoOGp6eHZUYXBZN2FkeW1tN3c9/Leonid_Martynov_-_Priroda_(SkySound.cc).mp3","Природа","Леонид Мартынов","https://upload.wikimedia.org/wikipedia/commons/thumb/9/9d/%D0%9B._%D0%9C%D0%B0%D1%80%D1%82%D1%8B%D0%BD%D0%BE%D0%B2_%D0%BD%D0%B0_%D1%80%D0%B5%D0%BA%D0%B5_%D0%AF%D1%81%D0%BD%D1%83%D1%88%D0%BA%D0%B5_%D0%B2_%D0%90%D0%B1%D1%80%D0%B0%D0%BC%D1%86%D0%B5%D0%B2%D0%BE._%D0%A4%D0%BE%D1%82%D0%BE_%D0%92.%D0%A3%D1%82%D0%BA%D0%BE%D0%B2%D0%B0.jpg/330px-%D0%9B._%D0%9C%D0%B0%D1%80%D1%82%D1%8B%D0%BD%D0%BE%D0%B2_%D0%BD%D0%B0_%D1%80%D0%B5%D0%BA%D0%B5_%D0%AF%D1%81%D0%BD%D1%83%D1%88%D0%BA%D0%B5_%D0%B2_%D0%90%D0%B1%D1%80%D0%B0%D0%BC%D1%86%D0%B5%D0%B2%D0%BE._%D0%A4%D0%BE%D1%82%D0%BE_%D0%92.%D0%A3%D1%82%D0%BA%D0%BE%D0%B2%D0%B0.jpg","- Всё менее и менее
Надеясь на спасение,
Всё более и более
Лишаюсь вольной воли я! -
Так шепчешь ты, Природа, мне
С отравленными реками,
С деревьями-уродами
Над скалами-калеками.
Всё менее и менее
Надеясь на спасение,
Ты стонешь: - Глохну, слепну я! -
Молчи, великолепная!
Молчи!
Всё это мелочи,
Проделки разной сволочи.
От этой бледной немочи
Отмыться хватит щёлочи!
Они тебя обидели,
Взъерошили, взлохматили,
Стяжатели, грабители,
Глупцы-пенкосниматели.
Но на дела бесславные
Свою затратив силищу,
Всё ж не проникли в главное
Твоё дарохранилище.
За вековыми свалками,
За мусорными кучами,
За листиками жалкими,
Над высохшими сучьями
Бьёт жизнь всё неустаннее,
Шальная, незастойная,
Сливаясь в сочетания
Меня с тобой достойные.
Верну тебе величие!
И углубляюсь в чащи я,
Кишащие, кипящие
Непойманной добычею.
И лес всё первобытнее,
А недра непролазнее -
Железнее, графитнее,
Урановей, алмазнее…"
"Винокуров Евгений",1956,1973,18,18,92,97,"Винокуров Евгений Михайлович",NA,1925,1993,32,"Винокуров Евгений Михайлович","https://ru.wikipedia.org/wiki/Винокуров,_Евгений_Михайлович","","https://upload.wikimedia.org/wikipedia/ru/thumb/5/52/%D0%92%D0%B8%D0%BD%D0%BE%D0%BA%D1%83%D1%80%D0%BE%D0%B2_%D0%95%D0%B2%D0%B3%D0%B5%D0%BD%D0%B8%D0%B9_%D0%91%D0%A1%D0%9F.jpg/250px-%D0%92%D0%B8%D0%BD%D0%BE%D0%BA%D1%83%D1%80%D0%BE%D0%B2_%D0%95%D0%B2%D0%B3%D0%B5%D0%BD%D0%B8%D0%B9_%D0%91%D0%A1%D0%9F.jpg","https://fine.sunproxy.net/file/czFaZ3ZkWFV3QnN0aS9jVzV5K21POXk2cEQ1M1lFRzRBZWErdjIrRUlnMzh1VE1lNzkybEFKQjd1RjRFU3I0Rlc0TWdhaGNOK1o0Szlhdi8xQWpYbnFUZW15UjhUK0k5L3hPbU43TXpxaUU9/Mark_Bernes_-_Seryozhka_s_Maloj_Bronnoj_(SkySound.cc).mp3","Сережка с Малой Бронной","Марк Бернес","https://upload.wikimedia.org/wikipedia/ru/thumb/5/52/%D0%92%D0%B8%D0%BD%D0%BE%D0%BA%D1%83%D1%80%D0%BE%D0%B2_%D0%95%D0%B2%D0%B3%D0%B5%D0%BD%D0%B8%D0%B9_%D0%91%D0%A1%D0%9F.jpg/250px-%D0%92%D0%B8%D0%BD%D0%BE%D0%BA%D1%83%D1%80%D0%BE%D0%B2_%D0%95%D0%B2%D0%B3%D0%B5%D0%BD%D0%B8%D0%B9_%D0%91%D0%A1%D0%9F.jpg","В полях за Вислой сонной
Лежат в земле сырой
Сережка с Малой Бронной
И Витька с Моховой.

А где-то в людном мире
Который год подряд
Одни в пустой квартире
Их матери не спят.

Свет лампы воспаленной
Пылает над Москвой
В окне на Малой Бронной,
В окне на Моховой.

Друзьям не встать. В округе
Без них идет кино.
Девчонки, их подруги,
Все замужем давно.

Пылает свод бездонный,
И ночь шумит листвой
Над тихой Малой Бронной,
Над тихой Моховой.

Но помнит мир спасённый
Мир вечный , мир живой
Серёжку с Малой Бронной
И Витьку с Маховой."
"Доризо Николай",1956,1971,16,16,54,63,"Доризо Николай Константинович",NA,1923,2011,34,"Доризо Николай Константинович","https://ru.wikipedia.org/wiki/Доризо,_Николай_Константинович","","https://upload.wikimedia.org/wikipedia/ru/thumb/4/4e/%D0%94%D0%BE%D1%80%D0%B8%D0%B7%D0%BE%2C_%D0%9D%D0%B8%D0%BA%D0%BE%D0%BB%D0%B0%D0%B9_%D0%9A%D0%BE%D0%BD%D1%81%D1%82%D0%B0%D0%BD%D1%82%D0%B8%D0%BD%D0%BE%D0%B2%D0%B8%D1%87.jpg/210px-%D0%94%D0%BE%D1%80%D0%B8%D0%B7%D0%BE%2C_%D0%9D%D0%B8%D0%BA%D0%BE%D0%BB%D0%B0%D0%B9_%D0%9A%D0%BE%D0%BD%D1%81%D1%82%D0%B0%D0%BD%D1%82%D0%B8%D0%BD%D0%BE%D0%B2%D0%B8%D1%87.jpg","https://fine.sunproxy.net/file/czFaZ3ZkWFV3QnN0aS9jVzV5K21POXk2cEQ1M1lFRzRBZWErdjIrRUlnMzh1VE1lNzkybEFKQjd1RjRFU3I0RlBMWkcxU0RPRGUrODJmZTloMEdnbmovRWpyMktEN0llUFBDTHlwZmxCWnc9/Zolotoe_kolco_Ognej_tak_mnogo_zolotyh_-_..._a_ya_lyublyu_zhenatogo..._Kak_rano_on_zavel_semyu_pechal_(SkySound.cc).mp3","""Парней так много холостых, а я люблю женатого""","Золотое кольцо","https://upload.wikimedia.org/wikipedia/ru/thumb/4/4e/%D0%94%D0%BE%D1%80%D0%B8%D0%B7%D0%BE%2C_%D0%9D%D0%B8%D0%BA%D0%BE%D0%BB%D0%B0%D0%B9_%D0%9A%D0%BE%D0%BD%D1%81%D1%82%D0%B0%D0%BD%D1%82%D0%B8%D0%BD%D0%BE%D0%B2%D0%B8%D1%87.jpg/210px-%D0%94%D0%BE%D1%80%D0%B8%D0%B7%D0%BE%2C_%D0%9D%D0%B8%D0%BA%D0%BE%D0%BB%D0%B0%D0%B9_%D0%9A%D0%BE%D0%BD%D1%81%D1%82%D0%B0%D0%BD%D1%82%D0%B8%D0%BD%D0%BE%D0%B2%D0%B8%D1%87.jpg","Огней так много золотых
На улицах Саратова,
Парней так много холостых,
А я люблю женатого.
Эх, рано он завёл семью —
Печальная история.
Я от себя любовь таю,
А от него тем более.
Я от него бежать хочу,
Лишь только он покажется.
А вдруг всё то, о чём молчу,
Само собою скажется?
Его я видеть не должна,
Боюсь ему понравиться.
С любовью справлюсь я одна,
А вместе нам не справиться."
"Старшинов Николай",1956,1973,18,15,50,55,"Старшинов Николай Константинович",NA,1924,1998,33,"Старшинов Николай Константинович","https://ru.wikipedia.org/wiki/Старшинов,_Николай_Константинович","","https://upload.wikimedia.org/wikipedia/ru/thumb/8/8b/%D0%A1%D1%82%D0%B0%D1%80%D1%88%D0%B8%D0%BD%D0%BE%D0%B2_%D0%9D%D0%B8%D0%BA%D0%BE%D0%BB%D0%B0%D0%B9_%D0%9A%D0%BE%D0%BD%D1%81%D1%82%D0%B0%D0%BD%D1%82%D0%B8%D0%BD%D0%BE%D0%B2%D0%B8%D1%87.jpg/330px-%D0%A1%D1%82%D0%B0%D1%80%D1%88%D0%B8%D0%BD%D0%BE%D0%B2_%D0%9D%D0%B8%D0%BA%D0%BE%D0%BB%D0%B0%D0%B9_%D0%9A%D0%BE%D0%BD%D1%81%D1%82%D0%B0%D0%BD%D1%82%D0%B8%D0%BD%D0%BE%D0%B2%D0%B8%D1%87.jpg","https://fine.sunproxy.net/file/YVpzcVh4cVdyR2NZa1YwZWpHRUtGVCtlcEI0d3V3RWJmcVBvempaRitKKzVkZ3E3SHhCVWRJL1BQRlovKys1RG9MT0dMaGRwYnhZL1E4NXRVSWxZTFQ2NWd6czFtdFVVVU5TZlM4Q2xWR2c9/CHitaet_avtor_-_YA_byl_kogda-to_rotnym_zapevaloj_Nikolaj_Starshinov_(SkySound.cc).mp3","Я был когда-то ротным запевалой","Николай Старшинов","https://upload.wikimedia.org/wikipedia/ru/thumb/8/8b/%D0%A1%D1%82%D0%B0%D1%80%D1%88%D0%B8%D0%BD%D0%BE%D0%B2_%D0%9D%D0%B8%D0%BA%D0%BE%D0%BB%D0%B0%D0%B9_%D0%9A%D0%BE%D0%BD%D1%81%D1%82%D0%B0%D0%BD%D1%82%D0%B8%D0%BD%D0%BE%D0%B2%D0%B8%D1%87.jpg/330px-%D0%A1%D1%82%D0%B0%D1%80%D1%88%D0%B8%D0%BD%D0%BE%D0%B2_%D0%9D%D0%B8%D0%BA%D0%BE%D0%BB%D0%B0%D0%B9_%D0%9A%D0%BE%D0%BD%D1%81%D1%82%D0%B0%D0%BD%D1%82%D0%B8%D0%BD%D0%BE%D0%B2%D0%B8%D1%87.jpg","Я был когда-то ротным запевалой,
В давным-давно минувшие года...
Вот мы с ученья топаем, бывало,
А с неба хлещет вёдрами вода.

И нет конца раздрызганной дороге.
Густую глину месят сапоги.
И кажется - свинцом налиты ноги,
Отяжелели руки и мозги.

А что поделать? Обратишься к другу,
Но он твердит одно: - Не отставай!.. -
И вдруг наш старшина на всю округу
Как гаркнет: - Эй, Старшинов, запевай!

А у меня ни голоса, ни слуха
И нет и не бывало никогда.
Но я упрямо собираюсь с духом,
Пою... А голос слаб мой, вот беда!

Но тишина за мною раскололась
От хриплых баритонов и басов.
О, как могуч и как красив мой голос,
Помноженный на сотню голосов!

И пусть ещё не скоро до привала,
Но легче нам шагается в строю...
Я был когда-то ротным запевалой,
Да и теперь я изредка пою."
"Рождественский Роберт",1955,1974,20,26,86,119,"Рождественский Роберт Иванович",NA,1932,1994,24,"Рождественский Роберт Иванович","https://ru.wikipedia.org/wiki/Рождественский,_Роберт_Иванович","","https://upload.wikimedia.org/wikipedia/commons/thumb/e/ee/Fortepan_137681_crop.jpg/330px-Fortepan_137681_crop.jpg","https://ru-d2.drivemusic.me/dl/Q-8Ov1AFVA-orYbjDy5oLw/1770349491/download_music/2020/04/iosif-kobzon-gde-to-daleko.mp3","Где-то далеко","Иосиф Кобзон","https://upload.wikimedia.org/wikipedia/commons/thumb/e/ee/Fortepan_137681_crop.jpg/330px-Fortepan_137681_crop.jpg","Я прошу хоть ненадолго
Грусть моя ты покинь меня
Облаком сизым облаком
Ты полети к родному дому
Отсюда к родному дому

Берег мой покажись вдали
Краешком тонкой линией
Берег мой берег ласковый
Ах до тебя родной доплыть бы
Доплыть бы хотя б когда-нибудь

Где-то далеко где-то далеко
Идут грибные дожди
Прямо у реки в маленьком саду
Созрели вишни, наклонясь до земли,
Где-то далеко в памяти моей
Сейчас как в детстве тепло
Хоть память укрыта
Такими большими снегами

Ты гроза напои меня
Допьяна да не до смерти
Вот опять как в последний раз
Я все гляжу куда-то в небо
Как будто ищу ответа

Где-то далеко где-то далеко
Идут грибные дожди
Прямо у реки в маленьком саду
Созрели вишни, наклонясь до земли,
Где-то далеко в памяти моей
Сейчас как в детстве тепло
Хоть память укрыта
Такими большими снегами

Я прошу хоть ненадолго
Грусть моя ты покинь меня
Облаком сизым облаком
Ты полети к родному дому
Отсюда к родному дому"
"Ваншенкин Константин",1955,1974,20,18,93,99,"Ваншенкин Константин Яковлевич",NA,1925,2012,31,"Ваншенкин Константин Яковлевич","https://ru.wikipedia.org/wiki/Ваншенкин,_Константин_Яковлевич","","https://upload.wikimedia.org/wikipedia/commons/thumb/a/a2/%D0%92%D0%B0%D0%BD%D1%88%D0%B5%D0%BD%D0%BA%D0%B8%D0%BD_2003.jpg/250px-%D0%92%D0%B0%D0%BD%D1%88%D0%B5%D0%BD%D0%BA%D0%B8%D0%BD_2003.jpg","https://fine.sunproxy.net/file/YVpzcVh4cVdyR2NZa1YwZWpHRUtGVCtlcEI0d3V3RWJmcVBvempaRitKKzVkZ3E3SHhCVWRJL1BQRlovKys1RHU0aENZbWZEMWFBdDBFVXFKT0RsVENKSDc1Q1hVb0l4U3RLdXIxOFBINDQ9/Muslim_Magomaev_-_YA_lyublyu_tebya_zhizn_(SkySound.cc).mp3","Я люблю тебя жинь","Муслим Магомаев","https://upload.wikimedia.org/wikipedia/commons/thumb/a/a2/%D0%92%D0%B0%D0%BD%D1%88%D0%B5%D0%BD%D0%BA%D0%B8%D0%BD_2003.jpg/250px-%D0%92%D0%B0%D0%BD%D1%88%D0%B5%D0%BD%D0%BA%D0%B8%D0%BD_2003.jpg","Я люблю тебя, Жизнь,
Что само по себе и не ново,
Я люблю тебя, Жизнь,
Я люблю тебя снова и снова.

Вот уж окна зажглись,
Я шагаю с работы устало,
Я люблю тебя, Жизнь,
И хочу, чтобы лучше ты стала.

Мне немало дано –
Ширь земли и равнина морская,
Мне известна давно
Бескорыстная дружба мужская.

В звоне каждого дня,
Как я счастлив, что нет мне покоя!
Есть любовь у меня,
Жизнь, ты знаешь, что это такое.

Как поют соловьи,
Полумрак, поцелуй на рассвете.
И вершина любви –
Это чудо великое – дети!

Вновь мы с ними пройдем,
Детство, юность, вокзалы, причалы.
Будут внуки потом,
Всё опять повторится сначала.

Ах, как годы летят,
Мы грустим, седину замечая,
Жизнь, ты помнишь солдат,
Что погибли, тебя защищая?

Так ликуй и вершись
В трубных звуках весеннего гимна!
Я люблю тебя, Жизнь,
И надеюсь, что это взаимно!"
"Евтушенко Евгений",1955,1972,18,15,76,127,"Евтушенко Евгений Александрович",NA,1932,2017,24,"Евтушенко Евгений Александрович","https://ru.wikipedia.org/wiki/Евтушенко,_Евгений_Александрович","","https://upload.wikimedia.org/wikipedia/commons/thumb/3/33/Sobyanin_meeting_Evtushenko_05.jpg/330px-Sobyanin_meeting_Evtushenko_05.jpg","https://fine.sunproxy.net/file/YVpzcVh4cVdyR2NZa1YwZWpHRUtGVCtlcEI0d3V3RWJmcVBvempaRitKKzVkZ3E3SHhCVWRJL1BQRlovKys1RCttMGhjQnFLdEFtVStXWjM0TjFkQkxXUGRRZ0NibDBYb1dQbER1aG44R0E9/Mihail_Zadornov_chitaet_stihi_Evgeniya_Evtushenko_-_Idut_belye_snegi_(SkySound.cc).mp3","Идут белые снеги","Михаил Задорнов","https://upload.wikimedia.org/wikipedia/commons/thumb/3/33/Sobyanin_meeting_Evtushenko_05.jpg/330px-Sobyanin_meeting_Evtushenko_05.jpg","И́дут белые снеги,
как по нитке скользя...
Жить и жить бы на свете,
да, наверно, нельзя.

Чьи-то души, бесследно
растворяясь вдали,
словно белые снеги,
и́дут в небо с земли.

И́дут белые снеги...
И я тоже уйду.
Не печалюсь о смерти
и бессмертья не жду.

Я не верую в чудо.
Я не снег, не звезда,
и я больше не буду
никогда, никогда.

И я думаю, грешный, —
ну, а кем же я был,
что́ я в жизни поспешной
больше жизни любил?

А любил я Россию
всею кровью, хребтом —
её реки в разливе
и когда подо льдом,

дух её пятистенок,
дух её сосняков,
её Пушкина, Стеньку
и её стариков.

Если было несладко,
я не шибко тужил.
Пусть я прожил нескладно —
для России я жил.

И надеждою маюсь
(полный тайных тревог),
что хоть малую малость
я России помог.

Пусть она позабудет
про меня без труда,
только пусть она будет
навсегда, навсегда.

И́дут белые снеги,
как во все времена,
как при Пушкине, Стеньке
и как после меня.

И́дут снеги большие,
аж до боли светлы,
и мои и чужие
заметая следы...

Быть бессмертным не в силе,
но надежда моя:
если будет Россия,
значит, буду и я."
"Берестов Валентин",1955,1974,20,15,66,68,"Берестов Валентин Дмитриевич",NA,1928,1998,28,"Берестов Валентин Дмитриевич","https://ru.wikipedia.org/wiki/Берестов,_Валентин_Дмитриевич","","https://upload.wikimedia.org/wikipedia/commons/thumb/c/c6/Ba-berestov-v-d-1996-slavich.jpg/330px-Ba-berestov-v-d-1996-slavich.jpg","https://fine.sunproxy.net/file/ZTN2Z2M0OWlqSGxCdWplQW5IenBmNjJCTFpQZlZGRis4RURFbWFWdksxVnE5VVVCUzhLWndhLzdRQzhPb1FpaTNObGlVYzVnaXRBcGk4Uk9TZGFFbHY5TGw0cUFoTUlRczhPT01QUTU0aGs9/Valentin_Berestov_-_Priyatnaya_vest_(SkySound.cc).mp3","Приятная весть","Валентин Берестов","","— Без четверти шесть!
Без пятнадцати шесть!
Хотите услышать
Приятную весть?

— Так что же случилось
Без четверти шесть?
Какая такая
Приятная весть?

— А то, что я сам,
Понимаете, САМ
Умею часы
Узнавать по часам.

— Ты прав. Так и есть,
Без пятнадцати шесть!
Спасибо тебе
За приятную весть!"
"Друнина Юлия",1955,1973,19,15,55,57,"Друнина Юлия Владимировна",NA,1924,1991,32,"Друнина Юлия Владимировна","https://ru.wikipedia.org/wiki/Друнина,_Юлия_Владимировна","","https://upload.wikimedia.org/wikipedia/commons/thumb/0/0e/RUSMARKA-3259.jpg/330px-RUSMARKA-3259.jpg","https://fine.sunproxy.net/file/YVpzcVh4cVdyR2NZa1YwZWpHRUtGVCtlcEI0d3V3RWJmcVBvempaRitKKzVkZ3E3SHhCVWRJL1BQRlovKys1RDE1NUc3Q1B6WlEyM2kxdFl6TTVnSVFyS05CSXdNc0RKYkxRTHhYS1Jrd1E9/YUliya_Drunina_-_Ne_byvaet_lyubvi_neschastlivoj_chitaet_avtor_(SkySound.cc).mp3","Не бывает любви несчастливой","Юлия Друнина","https://upload.wikimedia.org/wikipedia/commons/thumb/0/0e/RUSMARKA-3259.jpg/330px-RUSMARKA-3259.jpg","Не бывает любви несчастливой.
Не бывает... Не бойтесь попасть
В эпицентр сверхмощного взрыва,
Что зовут ""безнадежная страсть"".
Если в душу врывается пламя,
Очищаются души в огне.
И за это сухими губами
""Благодарствуй!"" шепните Весне."
